INSERT INTO Fonction VALUES (1, 'Administrateur', 'Administration du zoo');
INSERT INTO Fonction VALUES (2, 'Responsable de Zone', 'Gestion d''une zone');
INSERT INTO Fonction VALUES (3, 'Soigneur', 'Soin et alimentation quotidienne des animaux');
INSERT INTO Fonction VALUES (4, 'Manager Boutique', 'Gestion d''une boutique');
INSERT INTO Fonction VALUES (5, 'Employé boutique', 'Employé d''une boutique');
INSERT INTO Fonction VALUES (6, 'Technicien Entretien', 'Maintenance des enclos');
INSERT INTO Fonction VALUES (7, 'Comptable', 'Gestion du budget du zoo');
INSERT INTO Fonction VALUES (8, 'Vétérinaire', 'Chargé des gros bobos d''animaux');

INSERT INTO Personnel VALUES (1,1,1,1,'Delcroix','Lucas','admin@zoo.fr','$2a$12$Cxp..EXnGgLFTdfc1EnwxOmzzl2fPkyBC1gcLh/DAKzygCY4PQTKG',TO_DATE('2020-12-12', 'YYYY-MM-DD'),2500,'admin',1);
INSERT INTO Personnel VALUES (2,2,2,1,'Delignieres','Marius','mdelignieres@zoo.fr','$2a$12$Cxp..EXnGgLFTdfc1EnwxOmzzl2fPkyBC1gcLh/DAKzygCY4PQTKG',TO_DATE('2020-12-12', 'YYYY-MM-DD'),4800,'mdelignieres',1);
INSERT INTO Personnel VALUES (3,3,2,3,'Dupont','Dupond','dupont@zoo.fr','$2a$12$Cxp..EXnGgLFTdfc1EnwxOmzzl2fPkyBC1gcLh/DAKzygCY4PQTKG',TO_DATE('2020-12-12', 'YYYY-MM-DD'),1900,'ddupont',1);
INSERT INTO Personnel VALUES (4,4,2,3,'Dupond','Dupont','dupond@zoo.fr','$2a$12$Cxp..EXnGgLFTdfc1EnwxOmzzl2fPkyBC1gcLh/DAKzygCY4PQTKG',TO_DATE('2020-12-12', 'YYYY-MM-DD'),1900,'ddupond',1);
INSERT INTO Personnel VALUES (5,5,1,4,'Babouche','Dora','bdora@zoo.fr','$2a$12$Cxp..EXnGgLFTdfc1EnwxOmzzl2fPkyBC1gcLh/DAKzygCY4PQTKG',TO_DATE('2020-12-12', 'YYYY-MM-DD'),1900,'bdora',1);
INSERT INTO Personnel VALUES (6,6,5,5,'Sacha','Pikachu','spikachu@zoo.fr','$2a$12$Cxp..EXnGgLFTdfc1EnwxOmzzl2fPkyBC1gcLh/DAKzygCY4PQTKG',TO_DATE('2020-12-12', 'YYYY-MM-DD'),1900,'spikachu',1);
INSERT INTO Personnel VALUES (7,7,7,2,'Vauchel','Anthony','avauchel@zoo.fr','$2a$12$Cxp..EXnGgLFTdfc1EnwxOmzzl2fPkyBC1gcLh/DAKzygCY4PQTKG',TO_DATE('2020-12-12', 'YYYY-MM-DD'),2600,'avauchel',1);
INSERT INTO Personnel VALUES (8,8,1,6,'Master','Poulet','mpoulet@zoo.fr','$2a$12$Cxp..EXnGgLFTdfc1EnwxOmzzl2fPkyBC1gcLh/DAKzygCY4PQTKG',TO_DATE('2020-12-12', 'YYYY-MM-DD'),1900,'mpoulet',1);
INSERT INTO Personnel VALUES (9,9,1,6,'Maitre','Chicken','mchicken@zoo.fr','$2a$12$Cxp..EXnGgLFTdfc1EnwxOmzzl2fPkyBC1gcLh/DAKzygCY4PQTKG',TO_DATE('2020-12-12', 'YYYY-MM-DD'),1900,'mchicken',1);
INSERT INTO Personnel VALUES (10,10,1,2,'Maitre','Crampteur','mcrampteur@zoo.fr','$2a$12$Cxp..EXnGgLFTdfc1EnwxOmzzl2fPkyBC1gcLh/DAKzygCY4PQTKG',TO_DATE('2020-12-12', 'YYYY-MM-DD'),2400,'mcrampteur',1);
INSERT INTO Personnel VALUES (11,11,1,2,'Trotin','Gabriel','gtrotin@zoo.fr','$2a$12$Cxp..EXnGgLFTdfc1EnwxOmzzl2fPkyBC1gcLh/DAKzygCY4PQTKG',TO_DATE('2020-12-12', 'YYYY-MM-DD'),1900,'gtrotin',1);
INSERT INTO Personnel VALUES (12,12,1,2,'Pessi','Tronc','ptronc@zoo.fr','$2a$12$Cxp..EXnGgLFTdfc1EnwxOmzzl2fPkyBC1gcLh/DAKzygCY4PQTKG',TO_DATE('2020-12-12', 'YYYY-MM-DD'),1900,'ptronc',1);
INSERT INTO Personnel VALUES (13,13,1,5,'Pessi','Miabraz','pmiabraz@zoo.fr','$2a$12$Cxp..EXnGgLFTdfc1EnwxOmzzl2fPkyBC1gcLh/DAKzygCY4PQTKG',TO_DATE('2020-12-12', 'YYYY-MM-DD'),1900,'pmiabraz',1);
INSERT INTO Personnel VALUES (14,14,1,5,'Pessi','Xseven','pmiabraz@zoo.fr','$2a$12$Cxp..EXnGgLFTdfc1EnwxOmzzl2fPkyBC1gcLh/DAKzygCY4PQTKG',TO_DATE('2020-12-12', 'YYYY-MM-DD'),1900,'pxseven',1);
INSERT INTO Personnel VALUES (15,15,1,5,'Skew','Bounce','sbounce@zoo.fr','$2a$12$Cxp..EXnGgLFTdfc1EnwxOmzzl2fPkyBC1gcLh/DAKzygCY4PQTKG',TO_DATE('2020-12-12', 'YYYY-MM-DD'),1900,'sbounce',1);
INSERT INTO Personnel VALUES (16,16,1,5,'Erwann','Batoko','ebatoko@zoo.fr','$2a$12$Cxp..EXnGgLFTdfc1EnwxOmzzl2fPkyBC1gcLh/DAKzygCY4PQTKG',TO_DATE('2020-12-12', 'YYYY-MM-DD'),1900,'ebatoko',1);
INSERT INTO Personnel VALUES (17,17,1,3,'Patate','Barbecue','pbarbecue@zoo.fr','$2a$12$Cxp..EXnGgLFTdfc1EnwxOmzzl2fPkyBC1gcLh/DAKzygCY4PQTKG',TO_DATE('2020-12-12', 'YYYY-MM-DD'),1400,'pbarbecue',1);
INSERT INTO Personnel VALUES (18,18,1,8,'Véto','Rigolo','vrigolo@zoo.fr','$2a$12$Cxp..EXnGgLFTdfc1EnwxOmzzl2fPkyBC1gcLh/DAKzygCY4PQTKG',TO_DATE('2020-12-12', 'YYYY-MM-DD'),1400,'vrigolo',1);
INSERT INTO Personnel VALUES (19,19,1,4,'Manager1','Boutique2','mboutique2@zoo.fr','$2a$12$Cxp..EXnGgLFTdfc1EnwxOmzzl2fPkyBC1gcLh/DAKzygCY4PQTKG',TO_DATE('2020-12-12', 'YYYY-MM-DD'),3000,'mboutique2',1);
INSERT INTO Personnel VALUES (20,20,1,4,'Manager2','Boutique3','mboutique3@zoo.fr','$2a$12$Cxp..EXnGgLFTdfc1EnwxOmzzl2fPkyBC1gcLh/DAKzygCY4PQTKG',TO_DATE('2020-12-12', 'YYYY-MM-DD'),3000,'mboutique3',1);
INSERT INTO Personnel VALUES (21,21,1,4,'Manager3','Boutique4','mboutique4@zoo.fr','$2a$12$Cxp..EXnGgLFTdfc1EnwxOmzzl2fPkyBC1gcLh/DAKzygCY4PQTKG',TO_DATE('2020-12-12', 'YYYY-MM-DD'),3000,'mboutique4',1);
INSERT INTO Personnel VALUES (22,22,1,4,'Manager4','Boutique5','mboutique5@zoo.fr','$2a$12$Cxp..EXnGgLFTdfc1EnwxOmzzl2fPkyBC1gcLh/DAKzygCY4PQTKG',TO_DATE('2020-12-12', 'YYYY-MM-DD'),3000,'mboutique5',1);
INSERT INTO Personnel VALUES (23,23,23,1,'ancien','admin','aadmin@zoo.fr','$2a$12$Cxp..EXnGgLFTdfc1EnwxOmzzl2fPkyBC1gcLh/DAKzygCY4PQTKG',TO_DATE('2016-12-12', 'YYYY-MM-DD'),3500,'aadmin',0);

UPDATE Personnel SET ID_Remplacant = 3 WHERE ID_Personnel = 4;
UPDATE Personnel SET ID_Remplacant = 4 WHERE ID_Personnel = 3;

INSERT INTO Contrat_Travail VALUES(1,1,1,TO_DATE('2020-12-12', 'YYYY-MM-DD'),TO_DATE('2028-12-12','YYYY-MM-DD'));
INSERT INTO Contrat_Travail VALUES(2,2,2,TO_DATE('2020-12-12', 'YYYY-MM-DD'),TO_DATE('2027-12-12','YYYY-MM-DD'));
INSERT INTO Contrat_Travail VALUES(3,3,3,TO_DATE('2020-12-12', 'YYYY-MM-DD'),TO_DATE('2027-12-12','YYYY-MM-DD'));
INSERT INTO Contrat_Travail VALUES(4,4,3,TO_DATE('2020-12-12', 'YYYY-MM-DD'),TO_DATE('2027-12-12','YYYY-MM-DD'));
INSERT INTO Contrat_Travail VALUES(5,5,4,TO_DATE('2020-12-12', 'YYYY-MM-DD'),TO_DATE('2027-12-12','YYYY-MM-DD'));
INSERT INTO Contrat_Travail VALUES(6,6,5,TO_DATE('2020-12-12', 'YYYY-MM-DD'),TO_DATE('2027-12-12','YYYY-MM-DD'));
INSERT INTO Contrat_Travail VALUES(7,7,5,TO_DATE('2020-12-12', 'YYYY-MM-DD'),TO_DATE('2027-12-12','YYYY-MM-DD'));
INSERT INTO Contrat_Travail VALUES(8,8,6,TO_DATE('2020-12-12', 'YYYY-MM-DD'),TO_DATE('2027-12-12','YYYY-MM-DD'));
INSERT INTO Contrat_Travail VALUES(9,9,6,TO_DATE('2020-12-12', 'YYYY-MM-DD'),TO_DATE('2027-12-12','YYYY-MM-DD'));
INSERT INTO Contrat_Travail VALUES(10,10,2,TO_DATE('2020-12-12', 'YYYY-MM-DD'),TO_DATE('2027-12-12','YYYY-MM-DD'));
INSERT INTO Contrat_Travail VALUES(11,11,2,TO_DATE('2020-12-12', 'YYYY-MM-DD'),TO_DATE('2027-12-12','YYYY-MM-DD'));
INSERT INTO Contrat_Travail VALUES(12,12,2,TO_DATE('2020-12-12', 'YYYY-MM-DD'),TO_DATE('2027-12-12','YYYY-MM-DD'));
INSERT INTO Contrat_Travail VALUES(13,13,5,TO_DATE('2020-12-12', 'YYYY-MM-DD'),TO_DATE('2027-12-12','YYYY-MM-DD'));
INSERT INTO Contrat_Travail VALUES(14,14,5,TO_DATE('2020-12-12', 'YYYY-MM-DD'),TO_DATE('2027-12-12','YYYY-MM-DD'));
INSERT INTO Contrat_Travail VALUES(15,15,5,TO_DATE('2020-12-12', 'YYYY-MM-DD'),TO_DATE('2027-12-12','YYYY-MM-DD'));
INSERT INTO Contrat_Travail VALUES(16,16,5,TO_DATE('2020-12-12', 'YYYY-MM-DD'),TO_DATE('2027-12-12','YYYY-MM-DD'));
INSERT INTO Contrat_Travail VALUES(17,17,5,TO_DATE('2020-12-12', 'YYYY-MM-DD'),TO_DATE('2027-12-12','YYYY-MM-DD'));
INSERT INTO Contrat_Travail VALUES(18,18,5,TO_DATE('2020-12-12', 'YYYY-MM-DD'),TO_DATE('2027-12-12','YYYY-MM-DD'));
INSERT INTO Contrat_Travail VALUES(19,19,5,TO_DATE('2020-12-12', 'YYYY-MM-DD'),TO_DATE('2027-12-12','YYYY-MM-DD'));
INSERT INTO Contrat_Travail VALUES(20,20,5,TO_DATE('2020-12-12', 'YYYY-MM-DD'),TO_DATE('2027-12-12','YYYY-MM-DD'));
INSERT INTO Contrat_Travail VALUES(21,21,5,TO_DATE('2020-12-12', 'YYYY-MM-DD'),TO_DATE('2027-12-12','YYYY-MM-DD'));
INSERT INTO Contrat_Travail VALUES(22,22,5,TO_DATE('2020-12-12', 'YYYY-MM-DD'),TO_DATE('2027-12-12','YYYY-MM-DD'));
INSERT INTO Contrat_Travail VALUES(23,1,2,TO_DATE('2016-12-12', 'YYYY-MM-DD'),TO_DATE('2020-12-11','YYYY-MM-DD'));
INSERT INTO Contrat_Travail VALUES(24,23,1,TO_DATE('2016-12-12', 'YYYY-MM-DD'),TO_DATE('2020-12-11','YYYY-MM-DD'));

INSERT INTO Zone VALUES (1,'Zone du Haut',7);
INSERT INTO Zone VALUES (2, 'Zone de la jungle haut',10);
INSERT INTO Zone VALUES (3, 'Zone de la jungle bas',11);
INSERT INTO Zone VALUES (4, 'Zone du bazar',12);

INSERT INTO Enclos VALUES(15, 25,1,'T1');
INSERT INTO Enclos VALUES(15, 30,1,'T2');
INSERT INTO Enclos VALUES(15, 35,1,'T3');
INSERT INTO Enclos VALUES(15, 40,1,'T4');
INSERT INTO Enclos VALUES(20,25,2,'Gromp');
INSERT INTO Enclos VALUES(20,30,2,'Wraiths');
INSERT INTO Enclos VALUES(20,35,2,'Blue Buff');
INSERT INTO Enclos VALUES(25,25,3,'Corbins');
INSERT INTO Enclos VALUES(25,30,3,'Golems');
INSERT INTO Enclos VALUES(25,35,3,'Red Buff');
INSERT INTO Enclos VALUES(30,25,4,'Enclos à dinosaure');
INSERT INTO Enclos VALUES(30,30,4,'Enclos à choses étranges');
INSERT INTO Enclos VALUES(30,35,4,'Enclos à chiens');


INSERT INTO Espece VALUES (1, 'Arbre', 'Brr Brr Patapim', 0);
INSERT INTO Espece VALUES (2, 'Bois', 'Tung Tung Tung Sahur', 1);
INSERT INTO Espece VALUES (3, 'Cactus', 'Lirili Larila', 1);
INSERT INTO Espece VALUES (4, 'Avion', 'Bombardillo Crocodilo', 1);
INSERT INTO Espece VALUES (5, 'Cappucino', 'Assassino Cappucino', 0);
INSERT INTO Espece VALUES (6, 'Ballerine', 'Ballerina Cappucina', 0);
INSERT INTO Espece VALUES (7, 'Chaussure', 'Tralalelo Tralala', 1);
INSERT INTO Espece VALUES (8, 'Darkin', 'Darkinus', 1);
INSERT INTO Espece VALUES (9, 'Humain', 'Humanus', 1);
INSERT INTO Espece VALUES (10, 'Vastaya', 'Vastayus', 0);
INSERT INTO Espece VALUES (11, 'Void', 'Voideus', 1);
INSERT INTO Espece VALUES (12, 'Yordle', 'Yordlerino', 0);
INSERT INTO Espece VALUES (13, 'Shadow Wizard Money Gang', 'We Love Casting Spells', 0);

INSERT INTO Animal VALUES(1,15,25,1,TO_DATE('2018-03-15', 'YYYY-MM-DD'),'Anthony',6.7,'Carnivore',3);
INSERT INTO Animal VALUES(2,15,30,2,TO_DATE('2018-03-15', 'YYYY-MM-DD'),'Geoffrey',49.3,'Carnivore',3);
INSERT INTO Animal VALUES(3,15,35,3,TO_DATE('2018-03-15', 'YYYY-MM-DD'),'Alexandre',67.0,'Carnivore',3);
INSERT INTO Animal VALUES(4,15,40,4,TO_DATE('2018-03-15', 'YYYY-MM-DD'),'Justin',1.67,'Carnivore',3);
INSERT INTO Animal VALUES(5,20,25,5,TO_DATE('2018-03-15', 'YYYY-MM-DD'),'Meg',4.93,'Carnivore',4);
INSERT INTO Animal VALUES(6,20,30,6,TO_DATE('2018-03-15', 'YYYY-MM-DD'),'Tongrod',493,'Carnivore',4);
INSERT INTO Animal VALUES(7,20,35,7,TO_DATE('2018-03-15', 'YYYY-MM-DD'),'Leo',1.493,'Carnivore',4);
INSERT INTO Animal VALUES(8,25,25,8,TO_DATE('2018-03-15', 'YYYY-MM-DD'),'Nathan',49.3,'Carnivore',17);
INSERT INTO Animal VALUES(9,25,30,9,TO_DATE('2018-03-15', 'YYYY-MM-DD'),'Ryad',49.3,'Carnivore',17);
INSERT INTO Animal VALUES(10,25,35,10,TO_DATE('2018-03-15', 'YYYY-MM-DD'),'Kecleon',49.3,'Carnivore',17);
INSERT INTO Animal VALUES(11,30,25,11,TO_DATE('2018-03-15', 'YYYY-MM-DD'),'Mysdibule',6.7,'Carnivore',4);
INSERT INTO Animal VALUES(12,30,30,12,TO_DATE('2018-03-15', 'YYYY-MM-DD'),'Julyan',49.3,'Carnivore',4);
INSERT INTO Animal VALUES(13,30,35,13,TO_DATE('2018-03-15', 'YYYY-MM-DD'),'ANIMAL FOU',6.7,'Carnivore',17);
INSERT INTO Animal VALUES(14,25,30,13,TO_DATE('2018-03-15', 'YYYY-MM-DD'),'ANIMAL VRAIMENT FOU',6.7,'Carnivore',17);
INSERT INTO Animal VALUES(15,30,35,13,TO_DATE('2018-03-15', 'YYYY-MM-DD'),'ANIMAL TOTALEMENT FOU',6.7,'Carnivore',17);


INSERT INTO Boutique VALUES (1, 5, 1, 'Boutique MIAM', 'Boutique pour manger');
INSERT INTO Boutique VALUES (2, 5, 2, 'Boutique des FOUS', 'Souvenirs FOUS');
INSERT INTO Boutique VALUES (3, 5, 3, 'Boutique SOIF', 'Boutique si on a soif');
INSERT INTO Boutique VALUES (4, 5, 4, 'Boutique TOILETTES', 'Boutique pour aller aux toilettes car les toilettes sont payantes');
INSERT INTO Boutique VALUES (5, 5, 1, 'Boutique NOURRITURE POUR ANIMAUX', 'Boutique pour acheter de la nourriture pour la donner aux animaux');

INSERT INTO Visiteur VALUES(1,'Babar');
INSERT INTO Visiteur VALUES(2,'Nemo');
INSERT INTO Visiteur VALUES(3,'Bambi');
INSERT INTO Visiteur VALUES(4,'Baloo');
INSERT INTO Visiteur VALUES(5,'Mario');
INSERT INTO Visiteur VALUES(6,'Winnie');
INSERT INTO Visiteur VALUES(7,'Gumball');

INSERT INTO Prestataire VALUES (1, 'BTP Solutions', 'Jean');
INSERT INTO Prestataire VALUES (2, 'Entreprise Nettoyage', 'Marie');
INSERT INTO Prestataire VALUES (3, 'Réparations Ultimes', 'Pierre');
INSERT INTO Prestataire VALUES (4, 'Maintenance Plus', 'Sophie');
INSERT INTO Prestataire VALUES (5, 'Travaux Généraux', 'Laurent');

INSERT INTO Est_Parraine VALUES (1, 1, 'Bronze');
INSERT INTO Est_Parraine VALUES (2, 1, 'Argent');
INSERT INTO Est_Parraine VALUES (3, 2, 'Or');
INSERT INTO Est_Parraine VALUES (4, 3, 'Argent');
INSERT INTO Est_Parraine VALUES (5, 4, 'Bronze');
INSERT INTO Est_Parraine VALUES (6, 2,'Or');
INSERT INTO Est_Parraine VALUES (7, 5,'Argent');
INSERT INTO Est_Parraine VALUES (8, 6, 'Bronze');
INSERT INTO Est_Parraine VALUES (9, 7, 'Or');
INSERT INTO Est_Parraine VALUES (10, 5, 'Argent');
INSERT INTO Est_Parraine VALUES (11, 3, 'Or');
INSERT INTO Est_Parraine VALUES (12, 4, 'Bronze');
INSERT INTO Est_Parraine VALUES (13, 6, 'Argent');
INSERT INTO Est_Parraine VALUES (3, 1, 'Bronze');
INSERT INTO Est_Parraine VALUES (4, 1, 'Argent');
INSERT INTO Est_Parraine VALUES (7, 1, 'Or');
INSERT INTO Est_Parraine VALUES (8, 1, 'Argent');
INSERT INTO Est_Parraine VALUES (9, 1, 'Bronze');
INSERT INTO Est_Parraine VALUES (11, 1, 'Argent');

INSERT INTO Est_Parraine VALUES (1, 4, 'Argent');
INSERT INTO Est_Parraine VALUES (2, 4, 'Bronze');
INSERT INTO Est_Parraine VALUES (3, 4, 'Argent');
INSERT INTO Est_Parraine VALUES (4, 4, 'Or');
INSERT INTO Est_Parraine VALUES (6, 4, 'Argent');
INSERT INTO Est_Parraine VALUES (7, 4, 'Or');
INSERT INTO Est_Parraine VALUES (8, 4, 'Bronze');
INSERT INTO Est_Parraine VALUES (9, 4, 'Argent');
INSERT INTO Est_Parraine VALUES (10, 4, 'Argent');
INSERT INTO Est_Parraine VALUES (11, 4, 'Or');
INSERT INTO Est_Parraine VALUES (13, 4, 'Bronze');
INSERT INTO Est_Parraine VALUES (14, 4, 'Argent');
INSERT INTO Est_Parraine VALUES (15, 4, 'Or');




INSERT INTO Est_Le_Parent_De VALUES (1, 2);
INSERT INTO Est_Le_Parent_De VALUES (1, 3);
INSERT INTO Est_Le_Parent_De VALUES (2, 4);
INSERT INTO Est_Le_Parent_De VALUES (2, 5);
INSERT INTO Est_Le_Parent_De VALUES (3, 6);
INSERT INTO Est_Le_Parent_De VALUES (3, 7);
INSERT INTO Est_Le_Parent_De VALUES (4, 8);
INSERT INTO Est_Le_Parent_De VALUES (5, 9);
INSERT INTO Est_Le_Parent_De VALUES (6, 10);
INSERT INTO Est_Le_Parent_De VALUES (7, 10);

INSERT INTO Est_Affectee_A VALUES (1, 9);
INSERT INTO Est_Affectee_A VALUES (1, 8);
INSERT INTO Est_Affectee_A VALUES (2, 8);
INSERT INTO Est_Affectee_A VALUES (2, 9);
INSERT INTO Est_Affectee_A VALUES (3, 8);
INSERT INTO Est_Affectee_A VALUES (4, 9);

INSERT INTO Travaille_Dans_La_Boutique VALUES (1, 6);
INSERT INTO Travaille_Dans_La_Boutique VALUES (1, 7);
INSERT INTO Travaille_Dans_La_Boutique VALUES (2, 13);
INSERT INTO Travaille_Dans_La_Boutique VALUES (3, 14);
INSERT INTO Travaille_Dans_La_Boutique VALUES (4, 15);
INSERT INTO Travaille_Dans_La_Boutique VALUES (5, 16);

INSERT INTO Est_Nourri VALUES (1, 3, TO_DATE('2026-03-20','YYYY-MM-DD'), 2.5);
INSERT INTO Est_Nourri VALUES (2, 4, TO_DATE('2026-03-20','YYYY-MM-DD'), 3.0);
INSERT INTO Est_Nourri VALUES (3, 17, TO_DATE('2026-03-20','YYYY-MM-DD'), 1.8);
INSERT INTO Est_Nourri VALUES (4, 3, TO_DATE('2026-03-21','YYYY-MM-DD'), 2.0);
INSERT INTO Est_Nourri VALUES (5, 4, TO_DATE('2026-03-21','YYYY-MM-DD'), 2.7);
INSERT INTO Est_Nourri VALUES (6, 17, TO_DATE('2026-03-21','YYYY-MM-DD'), 4.5);
INSERT INTO Est_Nourri VALUES (7, 3, TO_DATE('2026-03-22','YYYY-MM-DD'), 1.2);
INSERT INTO Est_Nourri VALUES (8, 4, TO_DATE('2026-03-22','YYYY-MM-DD'), 3.6);
INSERT INTO Est_Nourri VALUES (9, 17, TO_DATE('2026-03-22','YYYY-MM-DD'), 2.9);
INSERT INTO Est_Nourri VALUES (10, 3, TO_DATE('2026-03-23','YYYY-MM-DD'), 3.3);
INSERT INTO Est_Nourri VALUES (11, 4, TO_DATE('2026-03-23','YYYY-MM-DD'), 2.1);
INSERT INTO Est_Nourri VALUES (12, 17, TO_DATE('2026-03-23','YYYY-MM-DD'), 2.4);
INSERT INTO Est_Nourri VALUES (13, 3, TO_DATE('2026-03-24','YYYY-MM-DD'), 3.0);
INSERT INTO Est_Nourri VALUES (1, 4, TO_DATE('2026-03-24','YYYY-MM-DD'), 2.6);
INSERT INTO Est_Nourri VALUES (2, 17, TO_DATE('2026-03-24','YYYY-MM-DD'), 3.1);

INSERT INTO Soin VALUES (1, TO_DATE('2026-03-17','YYYY-MM-DD'), 3, NULL, 'Blessure à la patte');
INSERT INTO Soin VALUES (1, TO_DATE('2026-03-24','YYYY-MM-DD'), NULL, 18, 'Os de la patte cassé');
INSERT INTO Soin VALUES (2, TO_DATE('2026-03-12','YYYY-MM-DD'), 4, NULL, 'Écharde dans le pied');
INSERT INTO Soin VALUES (3, TO_DATE('2026-03-10','YYYY-MM-DD'), 3, NULL, 'Blessure au 2eme orteil du pied droit');
INSERT INTO Soin VALUES (4, TO_DATE('2026-03-11','YYYY-MM-DD'), 4, NULL, 'Couper les ongles');
INSERT INTO Soin VALUES (6, TO_DATE('2026-03-14','YYYY-MM-DD'), 3, NULL, 'S''est coupé contre un rocher');
INSERT INTO Soin VALUES (7, TO_DATE('2026-03-15','YYYY-MM-DD'), 4, NULL, 'Je sais pas comment mais il s''est fait mal');
INSERT INTO Soin VALUES (8, TO_DATE('2026-03-16','YYYY-MM-DD'), NULL, 18, 'Il feint la folie, internement recommandé');
INSERT INTO Soin VALUES (9, TO_DATE('2026-03-18','YYYY-MM-DD'), 3, NULL, 'Contrôle de routine');
INSERT INTO Soin VALUES (10, TO_DATE('2026-03-19','YYYY-MM-DD'), NULL, 18, 'Pied retourné');
INSERT INTO Soin VALUES (12, TO_DATE('2026-03-21','YYYY-MM-DD'), 3, NULL, 'Foulure de la cheville en dansant');
INSERT INTO Soin VALUES (13, TO_DATE('2026-03-22','YYYY-MM-DD'), 4, 18, 'Complètement fou il s''est jeté d''un arbre');

INSERT INTO Reparation VALUES (TO_DATE('2026-03-15','YYYY-MM-DD'),15,25,8,NULL,TO_DATE('2026-03-18','YYYY-MM-DD'),'Réparation de la clôture',400);
INSERT INTO Reparation VALUES (TO_DATE('2026-03-16','YYYY-MM-DD'),15,30,9,1,TO_DATE('2026-03-20','YYYY-MM-DD'),'Remplacement du portail',600);
INSERT INTO Reparation VALUES (TO_DATE('2026-03-17','YYYY-MM-DD'),20,25,8,2,TO_DATE('2026-03-21','YYYY-MM-DD'),'Nettoyage des installations',300);
INSERT INTO Reparation VALUES (TO_DATE('2026-03-18','YYYY-MM-DD'),20,30,9,NULL,TO_DATE('2026-03-22','YYYY-MM-DD'),'Réparation du système d''eau',500);
INSERT INTO Reparation VALUES (TO_DATE('2026-03-19','YYYY-MM-DD'),25,25,8,3,TO_DATE('2026-03-23','YYYY-MM-DD'),'Renforcement des barrières',700);
INSERT INTO Reparation VALUES (TO_DATE('2026-03-20','YYYY-MM-DD'),25,30,8,NULL,TO_DATE('2026-03-24','YYYY-MM-DD'),'Réparation du sol',350);
INSERT INTO Reparation VALUES (TO_DATE('2026-03-21','YYYY-MM-DD'),30,25,9,4,TO_DATE('2026-03-25','YYYY-MM-DD'),'Réparation structure métallique',800);
INSERT INTO Reparation VALUES (TO_DATE('2026-03-22','YYYY-MM-DD'),30,30,9,NULL,TO_DATE('2026-03-26','YYYY-MM-DD'),'Nettoyage complet',250);
INSERT INTO Reparation VALUES (TO_DATE('2026-03-23','YYYY-MM-DD'),15,35,8,5,TO_DATE('2026-03-27','YYYY-MM-DD'),'Réparation avancée',900);
INSERT INTO Reparation VALUES (TO_DATE('2026-03-24','YYYY-MM-DD'),20,35,9,1,TO_DATE('2026-03-28','YYYY-MM-DD'),'Maintenance générale',450);

INSERT INTO Chiffre_Affaires VALUES (1, TO_DATE('01/03/2026','DD/MM/YYYY'), 1850.50);
INSERT INTO Chiffre_Affaires VALUES (1, TO_DATE('02/03/2026','DD/MM/YYYY'), 1920.00);
INSERT INTO Chiffre_Affaires VALUES (1, TO_DATE('03/03/2026','DD/MM/YYYY'), 2105.75);
INSERT INTO Chiffre_Affaires VALUES (1, TO_DATE('04/03/2026','DD/MM/YYYY'), 1980.40);
INSERT INTO Chiffre_Affaires VALUES (1, TO_DATE('05/03/2026','DD/MM/YYYY'), 2235.10);
INSERT INTO Chiffre_Affaires VALUES (1, TO_DATE('06/03/2026','DD/MM/YYYY'), 2350.25);
INSERT INTO Chiffre_Affaires VALUES (1, TO_DATE('07/03/2026','DD/MM/YYYY'), 2600.90);
INSERT INTO Chiffre_Affaires VALUES (1, TO_DATE('08/03/2026','DD/MM/YYYY'), 2540.30);
INSERT INTO Chiffre_Affaires VALUES (1, TO_DATE('09/03/2026','DD/MM/YYYY'), 1890.80);
INSERT INTO Chiffre_Affaires VALUES (1, TO_DATE('10/03/2026','DD/MM/YYYY'), 1750.20);
INSERT INTO Chiffre_Affaires VALUES (2, TO_DATE('01/03/2026','DD/MM/YYYY'), 820.30);
INSERT INTO Chiffre_Affaires VALUES (2, TO_DATE('02/03/2026','DD/MM/YYYY'), 910.50);
INSERT INTO Chiffre_Affaires VALUES (2, TO_DATE('03/03/2026','DD/MM/YYYY'), 950.20);
INSERT INTO Chiffre_Affaires VALUES (2, TO_DATE('04/03/2026','DD/MM/YYYY'), 880.40);
INSERT INTO Chiffre_Affaires VALUES (2, TO_DATE('05/03/2026','DD/MM/YYYY'), 1030.60);
INSERT INTO Chiffre_Affaires VALUES (2, TO_DATE('06/03/2026','DD/MM/YYYY'), 1120.00);
INSERT INTO Chiffre_Affaires VALUES (2, TO_DATE('07/03/2026','DD/MM/YYYY'), 1330.90);
INSERT INTO Chiffre_Affaires VALUES (2, TO_DATE('08/03/2026','DD/MM/YYYY'), 1250.75);
INSERT INTO Chiffre_Affaires VALUES (2, TO_DATE('09/03/2026','DD/MM/YYYY'), 900.10);
INSERT INTO Chiffre_Affaires VALUES (2, TO_DATE('10/03/2026','DD/MM/YYYY'), 840.00);
INSERT INTO Chiffre_Affaires VALUES (3, TO_DATE('01/03/2026','DD/MM/YYYY'), 460.50);
INSERT INTO Chiffre_Affaires VALUES (3, TO_DATE('02/03/2026','DD/MM/YYYY'), 525.20);
INSERT INTO Chiffre_Affaires VALUES (3, TO_DATE('03/03/2026','DD/MM/YYYY'), 590.40);
INSERT INTO Chiffre_Affaires VALUES (3, TO_DATE('04/03/2026','DD/MM/YYYY'), 510.00);
INSERT INTO Chiffre_Affaires VALUES (3, TO_DATE('05/03/2026','DD/MM/YYYY'), 650.90);
INSERT INTO Chiffre_Affaires VALUES (3, TO_DATE('06/03/2026','DD/MM/YYYY'), 710.30);
INSERT INTO Chiffre_Affaires VALUES (3, TO_DATE('07/03/2026','DD/MM/YYYY'), 820.75);
INSERT INTO Chiffre_Affaires VALUES (3, TO_DATE('08/03/2026','DD/MM/YYYY'), 780.10);
INSERT INTO Chiffre_Affaires VALUES (3, TO_DATE('09/03/2026','DD/MM/YYYY'), 480.20);
INSERT INTO Chiffre_Affaires VALUES (3, TO_DATE('10/03/2026','DD/MM/YYYY'), 450.00);
INSERT INTO Chiffre_Affaires VALUES (4, TO_DATE('01/03/2026','DD/MM/YYYY'), 110.00);
INSERT INTO Chiffre_Affaires VALUES (4, TO_DATE('02/03/2026','DD/MM/YYYY'), 120.50);
INSERT INTO Chiffre_Affaires VALUES (4, TO_DATE('03/03/2026','DD/MM/YYYY'), 140.00);
INSERT INTO Chiffre_Affaires VALUES (4, TO_DATE('04/03/2026','DD/MM/YYYY'), 135.80);
INSERT INTO Chiffre_Affaires VALUES (4, TO_DATE('05/03/2026','DD/MM/YYYY'), 150.20);
INSERT INTO Chiffre_Affaires VALUES (4, TO_DATE('06/03/2026','DD/MM/YYYY'), 155.60);
INSERT INTO Chiffre_Affaires VALUES (4, TO_DATE('07/03/2026','DD/MM/YYYY'), 170.90);
INSERT INTO Chiffre_Affaires VALUES (4, TO_DATE('08/03/2026','DD/MM/YYYY'), 165.30);
INSERT INTO Chiffre_Affaires VALUES (4, TO_DATE('09/03/2026','DD/MM/YYYY'), 118.40);
INSERT INTO Chiffre_Affaires VALUES (4, TO_DATE('10/03/2026','DD/MM/YYYY'), 105.50);
INSERT INTO Chiffre_Affaires VALUES (5, TO_DATE('01/03/2026','DD/MM/YYYY'), 320.50);
INSERT INTO Chiffre_Affaires VALUES (5, TO_DATE('02/03/2026','DD/MM/YYYY'), 345.10);
INSERT INTO Chiffre_Affaires VALUES (5, TO_DATE('03/03/2026','DD/MM/YYYY'), 380.00);
INSERT INTO Chiffre_Affaires VALUES (5, TO_DATE('04/03/2026','DD/MM/YYYY'), 360.40);
INSERT INTO Chiffre_Affaires VALUES (5, TO_DATE('05/03/2026','DD/MM/YYYY'), 420.80);
INSERT INTO Chiffre_Affaires VALUES (5, TO_DATE('06/03/2026','DD/MM/YYYY'), 450.20);
INSERT INTO Chiffre_Affaires VALUES (5, TO_DATE('07/03/2026','DD/MM/YYYY'), 510.60);
INSERT INTO Chiffre_Affaires VALUES (5, TO_DATE('08/03/2026','DD/MM/YYYY'), 480.75);
INSERT INTO Chiffre_Affaires VALUES (5, TO_DATE('09/03/2026','DD/MM/YYYY'), 330.20);
INSERT INTO Chiffre_Affaires VALUES (5, TO_DATE('10/03/2026','DD/MM/YYYY'), 300.10);

INSERT INTO Est_Compatible_Avec VALUES (1, 2);
INSERT INTO Est_Compatible_Avec VALUES (2, 1);

INSERT INTO Est_Compatible_Avec VALUES (1, 3);
INSERT INTO Est_Compatible_Avec VALUES (3, 1);

INSERT INTO Est_Compatible_Avec VALUES (2, 3);
INSERT INTO Est_Compatible_Avec VALUES (3, 2);

INSERT INTO Est_Compatible_Avec VALUES (10, 12);
INSERT INTO Est_Compatible_Avec VALUES (12, 10);

INSERT INTO Est_Compatible_Avec VALUES (10, 13);
INSERT INTO Est_Compatible_Avec VALUES (13, 10);

INSERT INTO Est_Compatible_Avec VALUES (12, 13);
INSERT INTO Est_Compatible_Avec VALUES (13, 12);

INSERT INTO Est_Compatible_Avec VALUES (5, 6);
INSERT INTO Est_Compatible_Avec VALUES (6, 5);

INSERT INTO Est_Compatible_Avec VALUES (5, 12);
INSERT INTO Est_Compatible_Avec VALUES (12, 5);

INSERT INTO Est_Compatible_Avec VALUES (6, 12);
INSERT INTO Est_Compatible_Avec VALUES (12, 6);

INSERT INTO Est_Compatible_Avec VALUES (9, 10);
INSERT INTO Est_Compatible_Avec VALUES (10, 9);

INSERT INTO Est_Compatible_Avec VALUES (9, 12);
INSERT INTO Est_Compatible_Avec VALUES (12, 9);

INSERT INTO Est_Compatible_Avec VALUES (7, 8);
INSERT INTO Est_Compatible_Avec VALUES (8, 7);

INSERT INTO Est_Compatible_Avec VALUES (8, 11);
INSERT INTO Est_Compatible_Avec VALUES (11, 8);

INSERT INTO Est_Compatible_Avec VALUES (7, 11);
INSERT INTO Est_Compatible_Avec VALUES (11, 7);

COMMIT;